Feature,Count, % Miss.,Card.,Min,1st Qrt.,Mean,Median,3rd Qrt.,Max,Std. Dev.
age,30940,0.0,72.0,17.0,28.0,38.5607627666,37.0,48.0,90.0,13.6394030688
fnlwgt,30940,0.0,20880.0,12285.0,117849.0,189786.401422,178384.0,237318.0,1484705.0,105406.394386
capital-gain,30940,0.0,119.0,0.0,0.0,1081.81299289,0.0,0.0,99999.0,7443.77304129
capital-loss,30940,0.0,91.0,0.0,0.0,86.5699741435,0.0,0.0,4356.0,401.706023186
hours-per-week,30940,0.0,93.0,1.0,40.0,40.4089204913,40.0,45.0,99.0,12.336944975
